dataset,arch,seed,best_acc
,,,0.995000
,,,0.300000
,,,0.666667
,,,0.700000
,,,0.675000
,,,0.716667
,,,0.716667
,,,0.717489
,,,0.713004
,,,0.721973
,,,0.704036
